<?xml version="1.0"?>
<config_xml>
  <cellular>
    <sim max_entry_num="2">
      <id>1</id>
      <card>sim1</card>
      <phone_number></phone_number>
      <pin_code></pin_code>
      <extra_at_cmd></extra_at_cmd>
      <telnet_port>0</telnet_port>
      <auto_update_apn>90</auto_update_apn>
      <network_type>auto</network_type>
      <band_select_type>all</band_select_type>
      <band_settings>
        <gsm_850>false</gsm_850>
        <gsm_900>false</gsm_900>
        <gsm_1800>false</gsm_1800>
        <gsm_1900>false</gsm_1900>
        <wcdma_800>false</wcdma_800>
        <wcdma_850>false</wcdma_850>
        <wcdma_900>false</wcdma_900>
        <wcdma_1900>false</wcdma_1900>
        <wcdma_2100>false</wcdma_2100>
        <wcdma_1700>false</wcdma_1700>
        <wcdma_band19>false</wcdma_band19>
        <lte_band1>false</lte_band1>
        <lte_band2>false</lte_band2>
        <lte_band3>false</lte_band3>
        <lte_band4>false</lte_band4>
        <lte_band5>false</lte_band5>
        <lte_band7>false</lte_band7>
        <lte_band8>false</lte_band8>
        <lte_band13>false</lte_band13>
        <lte_band17>false</lte_band17>
        <lte_band18>false</lte_band18>
        <lte_band19>false</lte_band19>
        <lte_band20>false</lte_band20>
        <lte_band21>false</lte_band21>
        <lte_band25>false</lte_band25>
        <lte_band28>false</lte_band28>
        <lte_band31>false</lte_band31>
        <lte_band38>false</lte_band38>
        <lte_band39>false</lte_band39>
        <lte_band40>false</lte_band40>
        <lte_band41>false</lte_band41>
      </band_settings>
      <telit_band_settings>
        <gsm_band>900_and_1800</gsm_band>
        <wcdma_band>1900</wcdma_band>
      </telit_band_settings>
      <debug_enable>true</debug_enable>
      <verbose_debug_enable>false</verbose_debug_enable>
    </sim>
    <sim max_entry_num="2">
      <id>2</id>
      <card>sim2</card>
      <phone_number></phone_number>
      <pin_code></pin_code>
      <extra_at_cmd></extra_at_cmd>
      <telnet_port>0</telnet_port>
      <auto_update_apn>90</auto_update_apn>
      <network_type>auto</network_type>
      <band_select_type>all</band_select_type>
      <band_settings>
        <gsm_850>false</gsm_850>
        <gsm_900>false</gsm_900>
        <gsm_1800>false</gsm_1800>
        <gsm_1900>false</gsm_1900>
        <wcdma_800>false</wcdma_800>
        <wcdma_850>false</wcdma_850>
        <wcdma_900>false</wcdma_900>
        <wcdma_1900>false</wcdma_1900>
        <wcdma_2100>false</wcdma_2100>
        <wcdma_1700>false</wcdma_1700>
        <wcdma_band19>false</wcdma_band19>
        <lte_band1>false</lte_band1>
        <lte_band2>false</lte_band2>
        <lte_band3>false</lte_band3>
        <lte_band4>false</lte_band4>
        <lte_band5>false</lte_band5>
        <lte_band7>false</lte_band7>
        <lte_band8>false</lte_band8>
        <lte_band13>false</lte_band13>
        <lte_band17>false</lte_band17>
        <lte_band18>false</lte_band18>
        <lte_band19>false</lte_band19>
        <lte_band20>false</lte_band20>
        <lte_band21>false</lte_band21>
        <lte_band25>false</lte_band25>
        <lte_band28>false</lte_band28>
        <lte_band31>false</lte_band31>
        <lte_band38>false</lte_band38>
        <lte_band39>false</lte_band39>
        <lte_band40>false</lte_band40>
        <lte_band41>false</lte_band41>
      </band_settings>
      <telit_band_settings>
        <gsm_band>900_and_1800</gsm_band>
        <wcdma_band>1900</wcdma_band>
      </telit_band_settings>
      <debug_enable>true</debug_enable>
      <verbose_debug_enable>false</verbose_debug_enable>
    </sim>
  </cellular>
  <ddns>
    <enable>false</enable>
    <server_type>dyndns</server_type>
    <hostname></hostname>
    <username></username>
    <password>S8ThaCGBPjcqq2L42NYhlQ==</password>
    <url></url>
  </ddns>
  <dido/>
  <email>
    <enable>false</enable>
    <tls_enable>false</tls_enable>
    <starttls_enable>false</starttls_enable>
    <outgoing_server></outgoing_server>
    <port>25</port>
    <timeout>10</timeout>
    <auth_login>false</auth_login>
    <username></username>
    <password>S8ThaCGBPjcqq2L42NYhlQ==</password>
    <from></from>
    <subject></subject>
  </email>
  <ethernet>
    <port_setting max_entry_num="1">
      <id>1</id>
      <port>eth0</port>
      <port_assignment>lan0</port_assignment>
      <poe_enable>true</poe_enable>
    </port_setting>
  </ethernet>
  <event>
    <csq_threshold>0</csq_threshold>
  </event>
  <firewall>
    <filtering_enable>true</filtering_enable>
    <default_filter_policy>accept</default_filter_policy>
    <remote_ssh_access>true</remote_ssh_access>
    <local_ssh_access>true</local_ssh_access>
    <remote_telnet_access>true</remote_telnet_access>
    <local_telnet_access>true</local_telnet_access>
    <remote_http_access>true</remote_http_access>
    <local_http_access>true</local_http_access>
    <remote_https_access>true</remote_https_access>
    <remote_ping_respond>true</remote_ping_respond>
    <dos_defending_enable>true</dos_defending_enable>
    <console_enable>true</console_enable>
    <vpn_nat_traversal_enable>false</vpn_nat_traversal_enable>
    <dmz_enable>false</dmz_enable>
    <dmz_host></dmz_host>
    <dmz_source></dmz_source>
  </firewall>
  <gre/>
  <ip_passthrough>
    <enable>false</enable>
  </ip_passthrough>
  <ipsec>
    <nat_traversal>true</nat_traversal>
    <keepalive>60</keepalive>
    <debug_enable>false</debug_enable>
  </ipsec>
  <lan>
    <network max_entry_num="1">
      <id>1</id>
      <interface>lan0</interface>
      <ip>192.168.0.1</ip>
      <netmask>255.255.255.0</netmask>
      <mtu>1500</mtu>
      <dhcp>
        <enable>true</enable>
        <mode>server</mode>
        <relay_server></relay_server>
        <pool_start>192.168.54.34</pool_start>
        <pool_end>192.168.54.38</pool_end>
        <netmask>255.255.255.248</netmask>
        <gateway></gateway>
        <primary_dns></primary_dns>
        <secondary_dns></secondary_dns>
        <wins_server></wins_server>
        <lease_time>120</lease_time>
        <static_lease></static_lease>
        <expert_options></expert_options>
        <debug_enable>false</debug_enable>
      </dhcp>
    </network>
    <multi_ip max_entry_num="20">
      <id>10</id>
      <interface>lan0</interface>
      <ip>192.168.54.33</ip>
      <netmask>255.255.255.248</netmask>
    </multi_ip>
  </lan>
  <link_manager>
    <primary_link>wwan1</primary_link>
    <backup_link>wwan2</backup_link>
    <backup_mode>cold_backup</backup_mode>
    <revert_interval>5</revert_interval>
    <emergency_reboot>true</emergency_reboot>
    <link max_entry_num="2">
      <id>1</id>
      <type>wwan1</type>
      <desc>Optus</desc>
      <connection_type>dhcp</connection_type>
      <wwan>
        <auto_apn>false</auto_apn>
        <apn>S8ThaCGBPjff1NrNL4gYZHHj2nh3WkU9</apn>
        <username></username>
        <password>S8ThaCGBPjcqq2L42NYhlQ==</password>
        <dialup_number>*99***1#</dialup_number>
        <auth_type>auto</auth_type>
        <ppp_preferred>false</ppp_preferred>
        <switch_by_data_allowance>false</switch_by_data_allowance>
        <data_allowance>200000</data_allowance>
        <billing_day>1</billing_day>
      </wwan>
      <wan>
        <data_allowance>0</data_allowance>
        <billing_day>1</billing_day>
      </wan>
      <static_addr>
        <ip></ip>
        <gateway></gateway>
        <dns1></dns1>
        <dns2></dns2>
      </static_addr>
      <pppoe>
        <username></username>
        <password>S8ThaCGBPjcqq2L42NYhlQ==</password>
        <auth_type>auto</auth_type>
        <expert_options></expert_options>
      </pppoe>
      <ping>
        <enable>true</enable>
        <primary_server>8.8.8.8</primary_server>
        <secondary_server>8.8.4.4</secondary_server>
        <interval>300</interval>
        <retry_interval>5</retry_interval>
        <timeout>3</timeout>
        <tries>3</tries>
      </ping>
      <nat_enable>true</nat_enable>
      <mtu>1500</mtu>
      <weight>1</weight>
      <upload_bandwidth>10000</upload_bandwidth>
      <download_bandwidth>10000</download_bandwidth>
      <dns1_overrided></dns1_overrided>
      <dns2_overrided></dns2_overrided>
      <debug_enable>true</debug_enable>
      <verbose_debug_enable>false</verbose_debug_enable>
    </link>
    <link max_entry_num="2">
      <id>2</id>
      <type>wwan2</type>
      <desc>Telstra</desc>
      <connection_type>dhcp</connection_type>
      <wwan>
        <auto_apn>false</auto_apn>
        <apn>S8ThaCGBPje10M2XCRO97jLTrHMcxdCaZ8Ncl15pGPU=</apn>
        <username></username>
        <password>S8ThaCGBPjcqq2L42NYhlQ==</password>
        <dialup_number>*99***1#</dialup_number>
        <auth_type>auto</auth_type>
        <ppp_preferred>false</ppp_preferred>
        <switch_by_data_allowance>false</switch_by_data_allowance>
        <data_allowance>200000</data_allowance>
        <billing_day>1</billing_day>
      </wwan>
      <wan>
        <data_allowance>0</data_allowance>
        <billing_day>1</billing_day>
      </wan>
      <static_addr>
        <ip></ip>
        <gateway></gateway>
        <dns1></dns1>
        <dns2></dns2>
      </static_addr>
      <pppoe>
        <username></username>
        <password>S8ThaCGBPjcqq2L42NYhlQ==</password>
        <auth_type>auto</auth_type>
        <expert_options></expert_options>
      </pppoe>
      <ping>
        <enable>true</enable>
        <primary_server>8.8.8.8</primary_server>
        <secondary_server>8.8.4.4</secondary_server>
        <interval>300</interval>
        <retry_interval>5</retry_interval>
        <timeout>3</timeout>
        <tries>3</tries>
      </ping>
      <nat_enable>true</nat_enable>
      <mtu>1500</mtu>
      <weight>1</weight>
      <upload_bandwidth>10000</upload_bandwidth>
      <download_bandwidth>10000</download_bandwidth>
      <dns1_overrided></dns1_overrided>
      <dns2_overrided></dns2_overrided>
      <debug_enable>true</debug_enable>
      <verbose_debug_enable>false</verbose_debug_enable>
    </link>
  </link_manager>
  <ntp>
    <timezone>8</timezone>
    <expert_setting>Australia/Sydney</expert_setting>
    <client_enable>true</client_enable>
    <primary_server>pool.ntp.org</primary_server>
    <secondary_server></secondary_server>
    <update_interval>0</update_interval>
    <server_enable>false</server_enable>
  </ntp>
  <openvpn/>
  <quad_serial_port_type>
    <port_type>rs485</port_type>
  </quad_serial_port_type>
  <rcms>
    <enable>true</enable>
    <rlink_enable>true</rlink_enable>
    <rvpn_enable>true</rvpn_enable>
    <reg_addr_type>Custom</reg_addr_type>
    <reg_addr>rcms-cloud.robustel.net</reg_addr>
    <port>443</port>
    <keepalive>600</keepalive>
    <keepalive_custom>600</keepalive_custom>
    <read_interval>60</read_interval>
    <upload_frequency>60</upload_frequency>
    <gps_report_method>Trigger</gps_report_method>
    <gps_distance_threshold>20</gps_distance_threshold>
    <pingenable>false</pingenable>
    <primary_server>8.8.8.8</primary_server>
    <timeout>5</timeout>
    <count>3</count>
    <system_startup>false</system_startup>
    <system_time_updated>false</system_time_updated>
    <config_changed>false</config_changed>
    <cellular_network_type_changed>false</cellular_network_type_changed>
    <cellular_data_stats_clear>false</cellular_data_stats_clear>
    <cellular_data_traffic_overflow>false</cellular_data_traffic_overflow>
    <poor_signal_quality>false</poor_signal_quality>
    <link_switch>false</link_switch>
    <wan_up>false</wan_up>
    <wan_down>false</wan_down>
    <wlan_up>false</wlan_up>
    <wlan_down>false</wlan_down>
    <wwan_up>false</wwan_up>
    <wwan_down>false</wwan_down>
    <ipsec_up>false</ipsec_up>
    <ipsec_down>false</ipsec_down>
    <openvpn_up>false</openvpn_up>
    <openvpn_down>false</openvpn_down>
    <lan_port_up>false</lan_port_up>
    <lan_port_down>false</lan_port_down>
    <usb_connected>false</usb_connected>
    <usb_removed>false</usb_removed>
    <ddns_update_success>false</ddns_update_success>
    <ddns_update_fail>false</ddns_update_fail>
    <sms_received>false</sms_received>
    <sms_cmd_executed>false</sms_cmd_executed>
    <di1_on>false</di1_on>
    <di1_off>false</di1_off>
    <di1_counter_overflow>false</di1_counter_overflow>
    <di2_on>false</di2_on>
    <di2_off>false</di2_off>
    <di2_counter_overflow>false</di2_counter_overflow>
    <di3_on>false</di3_on>
    <di3_off>false</di3_off>
    <di3_counter_overflow>false</di3_counter_overflow>
    <di4_on>false</di4_on>
    <di4_off>false</di4_off>
    <di4_counter_overflow>false</di4_counter_overflow>
    <excessive_temperature>false</excessive_temperature>
  </rcms>
  <reboot>
    <period>0</period>
    <daily_time></daily_time>
  </reboot>
  <robustlink>
    <enable>true</enable>
    <server_addr>rms.thinxtra.com</server_addr>
    <server_port>31000</server_port>
    <data_forward_enable>false</data_forward_enable>
    <password>S8ThaCGBPjew2absmewwdouIotVW3lwb</password>
    <system_startup>false</system_startup>
    <system_reboot>false</system_reboot>
    <system_time_updated>false</system_time_updated>
    <config_changed>false</config_changed>
    <cellular_network_type_changed>false</cellular_network_type_changed>
    <cellular_data_stats_clear>false</cellular_data_stats_clear>
    <cellular_data_traffic_overflow>false</cellular_data_traffic_overflow>
    <poor_signal_quality>false</poor_signal_quality>
    <link_switch>false</link_switch>
    <wan_up>false</wan_up>
    <wan_down>false</wan_down>
    <wlan_up>false</wlan_up>
    <wlan_down>false</wlan_down>
    <wwan_up>false</wwan_up>
    <wwan_down>false</wwan_down>
    <ipsec_up>false</ipsec_up>
    <ipsec_down>false</ipsec_down>
    <openvpn_up>false</openvpn_up>
    <openvpn_down>false</openvpn_down>
    <lan_port_up>false</lan_port_up>
    <lan_port_down>false</lan_port_down>
    <usb_connected>false</usb_connected>
    <usb_removed>false</usb_removed>
    <ddns_update_success>false</ddns_update_success>
    <ddns_update_fail>false</ddns_update_fail>
    <sms_received>false</sms_received>
    <sms_cmd_executed>false</sms_cmd_executed>
    <di1_on>false</di1_on>
    <di1_off>false</di1_off>
    <di1_counter_overflow>false</di1_counter_overflow>
    <di2_on>false</di2_on>
    <di2_off>false</di2_off>
    <di2_counter_overflow>false</di2_counter_overflow>
    <di3_on>false</di3_on>
    <di3_off>false</di3_off>
    <di3_counter_overflow>false</di3_counter_overflow>
    <di4_on>false</di4_on>
    <di4_off>false</di4_off>
    <di4_counter_overflow>false</di4_counter_overflow>
  </robustlink>
  <robustvpn>
    <enable>true</enable>
    <server_addr>vpnserver.thinxtra.com</server_addr>
    <server_port>443</server_port>
    <username>tempvpnuser</username>
    <password>thinxtraiotsigfox</password>
  </robustvpn>
  <route/>
  <serial_port>
    <port_setting max_entry_num="2">
      <id>1</id>
      <port>com1</port>
      <enable>true</enable>
      <baud_rate>9600</baud_rate>
      <data_bits>8</data_bits>
      <stop_bits>1</stop_bits>
      <parity>none</parity>
      <packing_timeout>50</packing_timeout>
      <packing_length>1200</packing_length>
      <application_mode>transparent</application_mode>
      <protocol>tcp_server</protocol>
      <local_ip></local_ip>
      <local_port>502</local_port>
      <server_addr></server_addr>
      <server_port></server_port>
    </port_setting>
    <port_setting max_entry_num="2">
      <id>2</id>
      <port>com2</port>
      <enable>false</enable>
      <baud_rate>115200</baud_rate>
      <data_bits>8</data_bits>
      <stop_bits>1</stop_bits>
      <parity>none</parity>
      <packing_timeout>50</packing_timeout>
      <packing_length>1200</packing_length>
      <application_mode>transparent</application_mode>
      <protocol>tcp_client</protocol>
      <local_ip></local_ip>
      <local_port></local_port>
      <server_addr></server_addr>
      <server_port></server_port>
    </port_setting>
  </serial_port>
  <smart_roaming>
    <enable>false</enable>
    <check_period>5</check_period>
    <rssi_quality_check>false</rssi_quality_check>
    <rssi_quality_gsm>-87</rssi_quality_gsm>
    <rssi_quality_wcdma>-87</rssi_quality_wcdma>
    <rssi_quality_lte>-87</rssi_quality_lte>
    <network_delay_check>false</network_delay_check>
    <network_delay>3000</network_delay>
    <packet_loss_rate_check>false</packet_loss_rate_check>
    <packet_loss_rate>70</packet_loss_rate>
    <primary_server>8.8.8.8</primary_server>
    <secondary_server>114.114.114.114</secondary_server>
    <timeout>5</timeout>
    <tries>3</tries>
    <use_degraded_networks>true</use_degraded_networks>
    <period>0</period>
    <daily_time></daily_time>
  </smart_roaming>
  <sms>
    <sms_mgmt_enable>true</sms_mgmt_enable>
    <auth_type>both</auth_type>
    <sms_mgmt_phonenum>+61421483725;+5277;+61403959983;+61401320418;+61468497587</sms_mgmt_phonenum>
  </sms>
  <snmp>
    <enable>true</enable>
    <port>161</port>
    <version>snmpv1v2v3</version>
    <location>RENAME-hostname</location>
    <contact>info@thinxtra.com</contact>
    <sysname>RENAME-hostname</sysname>
    <rocommunity>Th!nxtrA4</rocommunity>
    <rwcommunity></rwcommunity>
    <auth_algorithm>md5</auth_algorithm>
    <privacy_algorithm>des</privacy_algorithm>
    <trap_enable>false</trap_enable>
    <trap_version>snmpv3</trap_version>
    <trap_receiver_addr></trap_receiver_addr>
    <trap_receiver_port>162</trap_receiver_port>
    <trap_username></trap_username>
    <trap_auth_algorithm>md5</trap_auth_algorithm>
    <trap_auth_password></trap_auth_password>
    <trap_privacy_algorithm>des</trap_privacy_algorithm>
    <trap_privacy_password></trap_privacy_password>
    <system_startup>false</system_startup>
    <system_reboot>false</system_reboot>
    <system_time_updated>false</system_time_updated>
    <config_changed>false</config_changed>
    <cellular_network_type_changed>false</cellular_network_type_changed>
    <cellular_data_stats_clear>false</cellular_data_stats_clear>
    <cellular_data_traffic_overflow>false</cellular_data_traffic_overflow>
    <poor_signal_quality>false</poor_signal_quality>
    <link_switch>false</link_switch>
    <wan_up>false</wan_up>
    <wan_down>false</wan_down>
    <wwan_up>false</wwan_up>
    <wwan_down>false</wwan_down>
    <ipsec_up>false</ipsec_up>
    <ipsec_down>false</ipsec_down>
    <openvpn_up>false</openvpn_up>
    <openvpn_down>false</openvpn_down>
    <lan_port_up>false</lan_port_up>
    <lan_port_down>false</lan_port_down>
    <usb_connected>false</usb_connected>
    <usb_removed>false</usb_removed>
    <ddns_update_success>false</ddns_update_success>
    <ddns_update_fail>false</ddns_update_fail>
    <sms_received>false</sms_received>
    <sms_cmd_executed>false</sms_cmd_executed>
    <di1_on>false</di1_on>
    <di1_off>false</di1_off>
    <di1_counter_overflow>false</di1_counter_overflow>
    <di2_on>false</di2_on>
    <di2_off>false</di2_off>
    <di2_counter_overflow>false</di2_counter_overflow>
  </snmp>
  <ssh>
    <enable>true</enable>
    <port>22</port>
    <disable_passwd_login>false</disable_passwd_login>
  </ssh>
  <syslog>
    <enable>true</enable>
    <level>info</level>
    <save_position>ram</save_position>
    <log_to_remote>false</log_to_remote>
    <add_identifier>false</add_identifier>
    <remote_ip></remote_ip>
    <remote_port>514</remote_port>
  </syslog>
  <system>
    <device_name>RENAME-hostname</device_name>
    <usr_led_type>openvpn</usr_led_type>
  </system>
  <usb>
    <enable>true</enable>
    <auto_update>false</auto_update>
  </usb>
  <user_management>
    <username>admin</username>
    <password>S8ThaCGBPjdmZuRXgD1of38MMhVSrYsu</password>
  </user_management>
  <web_server>
    <http_port>80</http_port>
    <https_port>443</https_port>
  </web_server>
</config_xml>
